City_ID,City,Country,Date,Lat,Lng,Max Temp,Humidity,Cloudiness,Wind Speed
0,Mataura,NZ,2021-08-06 00:14:10,-46.1927,168.8643,48.47,74,34,1.43
1,Jamestown,US,2021-08-06 00:14:11,42.097,-79.2353,74.52,68,1,6.91
2,Santa Rita,BR,2021-08-06 00:14:11,-7.1139,-34.9781,72.27,100,0,9.22
3,Rikitea,PF,2021-08-06 00:12:21,-23.1203,-134.9692,74.21,74,39,16.28
4,Cape Town,ZA,2021-08-06 00:10:48,-33.9258,18.4232,56.12,96,90,2.3
5,Busselton,AU,2021-08-06 00:14:11,-33.65,115.3333,52.47,80,0,8.59
6,Belgrade,RS,2021-08-06 00:14:12,44.804,20.4651,64.06,83,40,11.5
7,Albany,US,2021-08-06 00:12:25,42.6001,-73.9662,74.05,79,52,2.35
8,Los Llanos De Aridane,ES,2021-08-06 00:14:12,28.6585,-17.9182,68.13,96,75,16.11
9,Kapaa,US,2021-08-06 00:14:12,22.0752,-159.319,84.52,75,40,5.01
10,Cayenne,GF,2021-08-06 00:14:13,4.9333,-52.3333,78.84,89,71,0.0
11,Carnarvon,AU,2021-08-06 00:14:13,-24.8667,113.6333,55.47,34,0,10.36
12,Iqaluit,CA,2021-08-06 00:14:13,63.7506,-68.5145,44.33,70,90,5.75
13,Hermanus,ZA,2021-08-06 00:14:13,-34.4187,19.2345,55.9,87,9,8.84
14,Aklavik,CA,2021-08-06 00:14:14,68.2191,-135.0107,60.03,44,49,20.8
15,Kodiak,US,2021-08-06 00:14:14,57.79,-152.4072,58.51,82,90,4.61
16,Balingasay,PH,2021-08-06 00:14:14,16.3573,119.8564,82.71,83,98,24.29
17,Chuy,UY,2021-08-06 00:14:14,-33.6971,-53.4616,57.45,91,97,10.67
18,Udachnyy,RU,2021-08-06 00:14:15,66.4167,112.4,60.3,45,1,16.78
19,Vaini,TO,2021-08-06 00:14:15,-21.2,-175.2,72.54,60,100,9.04
20,Nome,US,2021-08-06 00:12:58,64.5011,-165.4064,65.16,76,90,19.57
21,Butaritari,KI,2021-08-06 00:14:15,3.0707,172.7902,83.34,64,11,12.77
22,Naze,JP,2021-08-06 00:14:16,28.3667,129.4833,78.13,90,94,23.94
23,Noshiro,JP,2021-08-06 00:14:16,40.2039,140.0242,86.99,62,4,2.19
24,Yellowknife,CA,2021-08-06 00:13:51,62.456,-114.3525,64.29,51,99,6.6
25,Isangel,VU,2021-08-06 00:14:16,-19.55,169.2667,74.01,78,86,11.05
26,Izazi,TZ,2021-08-06 00:14:16,-7.2,35.7333,67.08,70,0,3.06
27,Hobart,AU,2021-08-06 00:11:12,-42.8794,147.3294,58.86,51,40,10.0
28,Dikson,RU,2021-08-06 00:14:17,73.5069,80.5464,50.88,90,2,5.26
29,Beringovskiy,RU,2021-08-06 00:12:17,63.05,179.3167,49.44,84,95,6.53
30,Vicksburg,US,2021-08-06 00:14:17,32.3526,-90.8779,84.7,60,1,4.61
31,Hithadhoo,MV,2021-08-06 00:14:17,-0.6,73.0833,80.24,76,99,4.65
32,Ribeira Grande,PT,2021-08-06 00:14:18,38.5167,-28.7,73.51,90,14,13.56
33,Nikolskoye,RU,2021-08-06 00:14:18,59.7035,30.7861,57.79,82,98,1.7
34,Eluru,IN,2021-08-06 00:14:18,16.7,81.1,84.29,76,100,8.05
35,Ulmu,RO,2021-08-06 00:14:18,44.95,27.3167,73.72,76,94,4.14
36,Port Alfred,ZA,2021-08-06 00:14:19,-33.5906,26.891,61.39,90,9,10.76
37,Barrow,US,2021-08-06 00:11:18,71.2906,-156.7887,39.22,74,90,19.57
38,East London,ZA,2021-08-06 00:14:19,-33.0153,27.9116,63.45,89,40,7.78
39,Nsanje,MW,2021-08-06 00:14:19,-16.92,35.262,64.62,87,0,2.48
40,Trussville,US,2021-08-06 00:14:20,33.6198,-86.6089,82.33,79,75,3.44
41,San Lorenzo,PY,2021-08-06 00:14:20,-25.3333,-57.5333,63.18,57,87,6.4
42,Lulea,SE,2021-08-06 00:14:20,65.5842,22.1547,57.27,77,99,3.44
43,Bafra,TR,2021-08-06 00:14:20,41.5678,35.9069,69.58,66,0,4.74
44,Lodwar,KE,2021-08-06 00:14:21,3.1191,35.5973,81.9,42,64,17.92
45,Kirakira,SB,2021-08-06 00:14:21,-10.4544,161.9205,82.56,57,7,4.45
46,Kruisfontein,ZA,2021-08-06 00:14:21,-34.0033,24.7314,56.88,94,100,2.17
47,Ushuaia,AR,2021-08-06 00:14:22,-54.8,-68.3,40.66,70,20,6.91
48,New Norfolk,AU,2021-08-06 00:14:22,-42.7826,147.0587,58.5,59,96,8.99
49,Karlskrona,SE,2021-08-06 00:14:22,56.1616,15.5866,54.05,90,66,9.04
50,Cabo San Lucas,MX,2021-08-06 00:14:23,22.8909,-109.9124,87.51,71,75,5.01
51,Port Elizabeth,ZA,2021-08-06 00:14:23,-33.918,25.5701,59.09,90,67,4.32
52,Upernavik,GL,2021-08-06 00:14:23,72.7868,-56.1549,44.2,70,20,4.81
53,Cherskiy,RU,2021-08-06 00:14:23,68.75,161.3,57.58,60,50,3.15
54,Dukat,RU,2021-08-06 00:14:24,62.55,155.55,37.51,100,100,8.95
55,Agnibilekrou,CI,2021-08-06 00:14:24,7.1344,-3.2047,69.78,99,92,3.53
56,Kismayo,SO,2021-08-06 00:10:13,-0.3582,42.5454,75.45,77,47,15.48
57,Le Vauclin,MQ,2021-08-06 00:14:24,14.5452,-60.8388,80.85,83,90,10.36
58,Asau,RO,2021-08-06 00:14:25,46.4333,26.4,65.39,95,99,6.38
59,Bandarbeyla,SO,2021-08-06 00:14:25,9.4942,50.8122,77.14,75,87,29.15
60,Muisne,EC,2021-08-06 00:14:25,0.6,-80.0333,75.45,85,83,9.84
61,Karratha,AU,2021-08-06 00:14:25,-20.7377,116.8463,67.62,28,27,23.0
62,Saskylakh,RU,2021-08-06 00:12:12,71.9167,114.0833,56.8,48,13,9.78
63,Kattivakkam,IN,2021-08-06 00:14:26,13.2167,80.3167,82.49,69,100,13.15
64,Hilo,US,2021-08-06 00:14:00,19.7297,-155.09,82.13,75,75,10.36
65,Atuona,PF,2021-08-06 00:14:26,-9.8,-139.0333,77.95,73,23,13.69
66,Unity,CA,2021-08-06 00:14:26,52.4501,-109.1682,87.26,24,51,12.01
67,Georgetown,MY,2021-08-06 00:10:03,5.4112,100.3354,79.9,83,20,3.44
68,Iquitos,PE,2021-08-06 00:14:27,-3.7481,-73.2472,78.84,78,0,0.0
69,Vardo,NO,2021-08-06 00:14:27,70.3705,31.1107,50.05,83,53,1.32
70,Lebu,CL,2021-08-06 00:14:27,-37.6167,-73.65,51.58,83,100,10.87
71,Pevek,RU,2021-08-06 00:14:27,69.7008,170.3133,38.97,93,100,4.09
72,Vila,PT,2021-08-06 00:14:28,42.0304,-8.1588,54.48,85,14,1.39
73,Arlit,NE,2021-08-06 00:14:28,18.7369,7.3853,90.52,39,28,10.33
74,Sitka,US,2021-08-06 00:11:32,57.0531,-135.33,64.29,72,90,8.05
75,Geraldton,AU,2021-08-06 00:14:28,-28.7667,114.6,46.81,76,0,18.41
76,Tallahassee,US,2021-08-06 00:09:34,30.4383,-84.2807,78.89,92,90,4.61
77,Sechura,PE,2021-08-06 00:14:29,-5.5569,-80.8222,68.31,72,4,16.49
78,Qaqortoq,GL,2021-08-06 00:14:29,60.7167,-46.0333,48.7,96,100,2.21
79,Pozo Colorado,PY,2021-08-06 00:14:29,-23.4923,-58.7972,68.81,32,100,5.95
80,Lima,PE,2021-08-06 00:11:49,-12.0432,-77.0282,61.14,77,90,12.66
81,Nioro,GM,2021-08-06 00:14:30,13.35,-15.75,77.4,88,66,4.79
82,Meulaboh,ID,2021-08-06 00:14:30,4.1363,96.1285,75.7,81,89,5.64
83,Progreso,MX,2021-08-06 00:14:16,21.2833,-89.6667,81.1,79,0,16.75
84,Punta Arenas,CL,2021-08-06 00:14:30,-53.15,-70.9167,39.31,81,90,9.22
85,Lingolsheim,FR,2021-08-06 00:14:30,48.5575,7.6825,64.06,94,75,5.75
86,Khatanga,RU,2021-08-06 00:14:31,71.9667,102.5,65.77,38,78,12.03
87,Pisco,PE,2021-08-06 00:14:31,-13.7,-76.2167,61.02,88,0,19.57
88,Henties Bay,NA,2021-08-06 00:14:31,-22.116,14.2845,53.85,86,6,6.49
89,Bredasdorp,ZA,2021-08-06 00:14:32,-34.5322,20.0403,55.27,96,68,4.76
90,Sao Filipe,CV,2021-08-06 00:14:32,14.8961,-24.4956,78.3,90,99,9.13
91,Norman Wells,CA,2021-08-06 00:14:32,65.282,-126.8329,75.29,44,76,3.06
92,Victoria,HK,2021-08-06 00:14:33,22.2855,114.1577,84.33,94,100,1.01
93,Leh,IN,2021-08-06 00:14:34,34.1667,77.5833,58.17,59,44,5.57
94,San Rafael,AR,2021-08-06 00:14:34,-34.6177,-68.3301,62.67,29,25,10.69
95,Maningrida,AU,2021-08-06 00:14:34,-12.0667,134.2667,74.16,39,87,16.75
96,Bambous Virieux,MU,2021-08-06 00:14:34,-20.3428,57.7575,66.22,73,92,14.2
97,Nouadhibou,MR,2021-08-06 00:14:35,20.931,-17.0347,69.98,87,4,25.66
98,Emerald,AU,2021-08-06 00:14:35,-23.5333,148.1667,62.35,44,61,18.01
99,Dingle,PH,2021-08-06 00:14:35,10.9995,122.6711,83.84,73,48,11.81
100,Wuchang,CN,2021-08-06 00:14:36,44.9143,127.15,71.33,89,100,8.84
101,Thompson,CA,2021-08-06 00:14:36,55.7435,-97.8558,71.85,26,38,5.95
102,Mahebourg,MU,2021-08-06 00:14:36,-20.4081,57.7,66.25,74,84,14.27
103,Tukrah,LY,2021-08-06 00:14:36,32.5341,20.5791,84.27,50,0,5.91
104,Port Lincoln,AU,2021-08-06 00:14:37,-34.7333,135.8667,56.53,73,100,7.92
105,Kaitangata,NZ,2021-08-06 00:14:37,-46.2817,169.8464,51.93,71,39,4.21
106,Marystown,CA,2021-08-06 00:11:09,47.1666,-55.1483,60.49,91,84,6.08
107,Kidal,ML,2021-08-06 00:14:37,18.4411,1.4078,76.82,68,65,24.74
108,Paraiso,CR,2021-08-06 00:14:37,9.8383,-83.8656,66.42,98,100,1.95
109,Jiaxing,CN,2021-08-06 00:14:38,30.7522,120.75,84.22,83,13,10.07
110,Ponta Delgada,PT,2021-08-06 00:14:38,37.7333,-25.6667,72.32,100,40,13.8
111,Haines Junction,CA,2021-08-06 00:14:38,60.7522,-137.5108,70.97,58,90,7.58
112,Samarai,PG,2021-08-06 00:14:39,-10.6167,150.6667,78.89,66,98,14.67
113,Apatity,RU,2021-08-06 00:14:39,67.5641,33.4031,48.56,79,82,2.71
114,Airai,TL,2021-08-06 00:14:39,-8.9266,125.4092,64.71,48,87,5.39
115,Shakawe,BW,2021-08-06 00:14:39,-18.3667,21.85,55.36,32,0,3.49
116,Contamana,PE,2021-08-06 00:14:40,-7.3333,-75.0167,76.64,44,1,2.84
117,Laurens,US,2021-08-06 00:14:40,32.4502,-82.9165,80.94,73,1,5.75
118,Calama,CL,2021-08-06 00:14:40,-22.4667,-68.9333,54.09,22,0,9.22
119,Namatanai,PG,2021-08-06 00:14:41,-3.6667,152.4333,82.67,73,85,10.0
120,Gweta,BW,2021-08-06 00:14:04,-20.1833,25.2333,59.52,32,0,7.38
121,Bud,US,2021-08-06 00:14:41,39.447,-86.1758,80.58,58,54,1.61
122,Suining,CN,2021-08-06 00:14:41,30.508,105.5733,78.22,68,62,3.67
123,Ponta Do Sol,PT,2021-08-06 00:14:42,32.6667,-17.1,77.0,84,37,1.79
124,Cabinda,AO,2021-08-06 00:14:42,-5.55,12.2,72.57,88,9,5.35
125,Flinders,AU,2021-08-06 00:14:42,-34.5833,150.8552,62.38,56,0,8.01
126,Tiksi,RU,2021-08-06 00:14:42,71.6872,128.8694,42.19,85,100,14.76
127,Rocha,UY,2021-08-06 00:14:43,-34.4833,-54.3333,59.47,82,100,9.75
128,Bluff,NZ,2021-08-06 00:14:43,-46.6,168.3333,48.79,76,80,11.86
129,Saldanha,ZA,2021-08-06 00:14:43,-33.0117,17.9442,54.75,86,0,4.29
130,Tasiilaq,GL,2021-08-06 00:14:43,65.6145,-37.6368,38.39,75,14,3.6
131,Huaihua,CN,2021-08-06 00:14:44,27.5494,109.9592,81.03,82,74,3.09
132,Presidencia Roque Saenz Pena,AR,2021-08-06 00:14:44,-26.7852,-60.4388,60.26,55,93,6.31
133,Puerto Ayora,EC,2021-08-06 00:14:44,-0.7393,-90.3518,71.55,89,67,5.99
134,Pangnirtung,CA,2021-08-06 00:14:45,66.1451,-65.7125,41.2,94,100,8.52
135,Sampit,ID,2021-08-06 00:14:45,-2.5333,112.95,76.73,92,96,2.71
136,Dunedin,NZ,2021-08-06 00:14:45,-45.8742,170.5036,49.46,66,51,1.5
137,Lorengau,PG,2021-08-06 00:14:46,-2.0226,147.2712,84.88,70,87,9.71
138,Qaanaaq,GL,2021-08-06 00:14:46,77.484,-69.3632,45.91,63,35,2.46
139,Yaan,NG,2021-08-06 00:14:46,7.3833,8.5667,70.9,97,61,4.27
140,Ixtapa,MX,2021-08-06 00:14:46,20.7,-105.2,76.23,94,90,3.44
141,Narsaq,GL,2021-08-06 00:14:47,60.9167,-46.05,48.42,93,100,1.01
142,Mar Del Plata,AR,2021-08-06 00:14:47,-38.0023,-57.5575,54.12,1,8,5.99
143,Mahajanga,MG,2021-08-06 00:14:47,-15.7167,46.3167,69.82,68,20,3.44
144,Seybaplaya,MX,2021-08-06 00:14:47,19.65,-90.6667,87.26,75,99,17.74
145,Severo-Kurilsk,RU,2021-08-06 00:14:48,50.6789,156.125,55.02,64,10,18.61
146,Tindivanam,IN,2021-08-06 00:14:48,12.25,79.65,81.99,60,99,14.0
147,Kant,IN,2021-08-06 00:14:48,27.8,79.8,81.86,81,90,6.15
148,Arraial Do Cabo,BR,2021-08-06 00:14:48,-22.9661,-42.0278,68.22,82,23,13.78
149,Leningradskiy,RU,2021-08-06 00:14:49,69.3833,178.4167,41.18,90,90,7.27
150,Salinas,US,2021-08-06 00:14:49,36.6777,-121.6555,88.02,67,1,13.8
151,Port Hardy,CA,2021-08-06 00:14:49,50.6996,-127.4199,60.17,84,100,7.65
152,Castro,BR,2021-08-06 00:14:50,-24.7911,-50.0119,51.46,86,100,7.61
153,Esperance,AU,2021-08-06 00:14:50,-33.8667,121.9,52.03,68,0,11.88
154,Kavieng,PG,2021-08-06 00:14:50,-2.5744,150.7967,82.72,74,98,7.7
155,Okha,RU,2021-08-06 00:14:50,53.5739,142.9478,56.17,85,100,14.76
156,Shitanjing,CN,2021-08-06 00:14:51,39.2342,106.3439,69.87,29,100,7.4
157,Nanortalik,GL,2021-08-06 00:14:51,60.1432,-45.2371,46.74,94,100,4.14
158,Tuatapere,NZ,2021-08-06 00:14:51,-46.1333,167.6833,48.81,71,32,2.86
159,Puerto Escondido,MX,2021-08-06 00:12:46,15.85,-97.0667,77.83,78,90,6.91
160,Tocopilla,CL,2021-08-06 00:11:54,-22.092,-70.1979,62.71,64,8,6.49
161,Solnechnyy,RU,2021-08-06 00:14:52,50.7214,136.6319,59.61,99,100,2.28
162,San Cristobal,VE,2021-08-06 00:14:52,7.7669,-72.225,75.38,99,55,4.72
163,Mount Gambier,AU,2021-08-06 00:14:52,-37.8333,140.7667,52.29,77,100,8.08
164,Jinxiang,CN,2021-08-06 00:14:52,27.4327,120.6062,79.14,89,100,3.29
165,Margate,GB,2021-08-06 00:14:53,51.3813,1.3862,63.03,96,84,1.99
166,Ilulissat,GL,2021-08-06 00:14:53,69.2167,-51.1,51.82,58,75,13.8
167,Talara,PE,2021-08-06 00:14:53,-4.5772,-81.2719,65.03,89,2,15.46
168,Codrington,AU,2021-08-06 00:14:53,-38.2667,141.9667,52.77,80,100,11.81
169,Souillac,MU,2021-08-06 00:14:54,-20.5167,57.5167,66.36,76,66,12.8
170,Mount Isa,AU,2021-08-06 00:14:54,-20.7333,139.5,64.17,32,15,16.11
171,Mogocha,RU,2021-08-06 00:14:54,53.7333,119.7667,59.41,93,100,1.45
172,North Bend,US,2021-08-06 00:14:55,43.4065,-124.2243,75.24,94,1,9.22
173,Vanimo,PG,2021-08-06 00:14:55,-2.6741,141.3028,83.8,67,11,2.59
174,Kaoma,ZM,2021-08-06 00:14:55,-14.7833,24.8,52.09,32,0,5.39
175,Constitucion,CL,2021-08-06 00:14:55,-35.3333,-72.4167,50.9,91,97,2.13
176,Lesnoy,RU,2021-08-06 00:14:56,57.6198,63.0784,62.42,98,100,5.39
177,Provideniya,RU,2021-08-06 00:14:56,64.3833,-173.3,55.51,58,0,6.71
178,Trinidad,BO,2021-08-06 00:14:56,-14.8333,-64.9,75.78,38,0,3.13
179,Hasaki,JP,2021-08-06 00:14:57,35.7333,140.8333,86.29,74,31,7.09
180,Canmore,CA,2021-08-06 00:14:57,51.0834,-115.3521,85.24,20,3,5.48
181,Saint-Philippe,RE,2021-08-06 00:14:57,-21.3585,55.7679,67.55,74,50,11.48
182,Adana,TR,2021-08-06 00:14:57,36.985,35.2881,81.12,97,20,0.0
183,Great Yarmouth,GB,2021-08-06 00:14:58,52.6083,1.7305,63.01,91,100,16.64
184,Pindobacu,BR,2021-08-06 00:14:58,-10.7417,-40.3608,69.21,77,85,8.48
185,Gambela,ET,2021-08-06 00:14:58,8.25,34.5833,69.93,83,87,3.65
186,Moose Factory,CA,2021-08-06 00:14:58,51.2585,-80.6094,51.78,93,90,4.61
187,Bolivar,US,2021-08-06 00:14:25,37.6145,-93.4105,77.92,90,100,8.03
188,Senno,RU,2021-08-06 00:14:59,59.5336,33.9167,54.27,97,100,6.73
189,Vostok,RU,2021-08-06 00:14:59,46.4856,135.8833,73.53,82,96,2.28
190,Cassino,IT,2021-08-06 00:14:59,41.4876,13.8315,72.9,81,55,1.86
191,Ancud,CL,2021-08-06 00:15:00,-41.8697,-73.8203,51.22,87,100,11.32
192,Srandakan,ID,2021-08-06 00:15:00,-7.9386,110.2506,76.23,84,74,3.49
193,Qasigiannguit,GL,2021-08-06 00:15:00,68.8193,-51.1922,52.05,82,100,12.97
194,Avarua,CK,2021-08-06 00:15:00,-21.2078,-159.775,77.05,61,20,5.75
195,Lazaro Cardenas,MX,2021-08-06 00:15:01,17.9583,-102.2,82.92,75,97,3.27
196,Scarborough,GB,2021-08-06 00:15:01,54.2797,-0.4044,61.54,91,100,5.99
197,Torbay,CA,2021-08-06 00:15:02,47.6666,-52.7314,66.76,63,48,13.82
198,Bengkulu,ID,2021-08-06 00:15:03,-3.8004,102.2655,75.56,86,89,3.2
199,Nikolayevka,RU,2021-08-06 00:15:03,53.1257,47.2041,58.8,66,28,2.91
200,Marsh Harbour,BS,2021-08-06 00:15:03,26.5412,-77.0636,83.52,76,45,13.13
201,Waipawa,NZ,2021-08-06 00:15:03,-41.4122,175.5153,51.1,72,100,0.2
202,Jutai,BR,2021-08-06 00:15:04,-5.1833,-68.9,79.93,51,90,3.15
203,Saint Anthony,US,2021-08-06 00:15:04,45.0205,-93.218,84.34,66,1,7.0
204,Point Fortin,TT,2021-08-06 00:15:04,10.1833,-61.6833,82.02,78,4,8.61
205,Kazachinskoye,RU,2021-08-06 00:15:05,57.6953,93.2761,61.5,95,76,1.54
206,Brae,GB,2021-08-06 00:15:05,60.3964,-1.353,58.91,93,58,15.37
207,Faya,SA,2021-08-06 00:15:05,18.3851,42.4509,63.12,64,49,2.42
208,Sheregesh,RU,2021-08-06 00:15:06,52.9209,87.9869,54.48,97,99,2.46
209,Ambon,ID,2021-08-06 00:15:06,-3.6954,128.1814,77.14,94,40,6.91
210,Buchanan,LR,2021-08-06 00:15:06,5.8808,-10.0467,76.33,79,95,10.0
211,Gornja Radgona,SI,2021-08-06 00:15:06,46.6733,15.9922,57.94,96,33,3.02
212,Muros,ES,2021-08-06 00:15:07,42.7762,-9.0603,64.24,87,91,4.68
213,General Roca,AR,2021-08-06 00:15:07,-39.0333,-67.5833,54.0,28,62,7.02
214,Berbera,SO,2021-08-06 00:15:07,10.4396,45.0143,90.95,40,70,23.24
215,Kahului,US,2021-08-06 00:15:08,20.8947,-156.47,86.02,76,40,26.46
216,Likasi,CD,2021-08-06 00:15:08,-10.9814,26.7333,57.69,40,0,4.81
217,Taree,AU,2021-08-06 00:15:08,-31.9,152.4667,58.93,55,0,10.36
218,Kamloops,CA,2021-08-06 00:15:08,50.6665,-120.3192,94.82,23,75,8.01
219,Gotsu,JP,2021-08-06 00:15:09,35.0,132.2167,87.49,59,0,5.06
220,Horuphav,DK,2021-08-06 00:15:09,54.9102,9.8987,63.16,82,21,12.66
221,Lagoa,PT,2021-08-06 00:15:09,39.05,-27.9833,72.72,92,0,19.22
222,Sorland,NO,2021-08-06 00:15:10,67.667,12.6934,54.32,87,100,7.58
223,Lavrentiya,RU,2021-08-06 00:12:17,65.5833,-171.0,53.85,92,100,1.86
224,Vao,NC,2021-08-06 00:15:10,-22.6667,167.4833,67.73,59,68,17.13
225,Rio Gallegos,AR,2021-08-06 00:15:10,-51.6226,-69.2181,46.63,46,2,26.84
226,Diego De Almagro,CL,2021-08-06 00:15:11,-26.3667,-70.05,58.6,30,0,0.38
227,Ayolas,PY,2021-08-06 00:15:11,-27.4,-56.9,63.75,61,100,5.75
228,Havoysund,NO,2021-08-06 00:15:11,70.9963,24.6622,50.88,91,95,3.51
229,Ciro Marina,IT,2021-08-06 00:15:11,39.3732,17.126,80.37,43,93,11.43
230,Hamilton,US,2021-08-06 00:11:11,39.1834,-84.5333,81.79,59,1,1.01
231,Ligayan,PH,2021-08-06 00:15:12,4.6533,119.4706,84.94,70,59,8.59
232,Saint-Michel-Des-Saints,CA,2021-08-06 00:15:12,46.6834,-73.9159,72.93,77,70,4.54
233,Trairi,BR,2021-08-06 00:13:52,-3.2778,-39.2689,78.82,80,49,12.48
234,Kununurra,AU,2021-08-06 00:15:12,-15.7667,128.7333,69.78,23,15,9.22
235,Eureka,US,2021-08-06 00:11:46,40.8021,-124.1637,76.68,75,64,4.0
236,Longyearbyen,SJ,2021-08-06 00:15:13,78.2186,15.6401,42.64,87,75,2.3
237,Mirabad,AF,2021-08-06 00:15:13,30.4362,61.8383,88.05,17,2,22.66
238,Grindavik,IS,2021-08-06 00:15:13,63.8424,-22.4338,53.91,100,0,5.75
239,Yongzhou,CN,2021-08-06 00:15:13,26.4559,111.5988,82.31,84,91,2.93
240,Moindou,NC,2021-08-06 00:15:14,-21.6924,165.677,71.55,51,66,8.95
241,Kenora,CA,2021-08-06 00:15:14,49.8167,-94.4337,65.37,82,90,12.66
242,Abu Zabad,SD,2021-08-06 00:15:14,12.35,29.25,80.35,63,96,8.81
243,Mackay,AU,2021-08-06 00:15:15,-21.15,149.2,70.68,54,26,15.05
244,Bom Despacho,BR,2021-08-06 00:11:39,-19.7364,-45.2522,63.5,54,73,8.7
245,Pimentel,PE,2021-08-06 00:15:15,-6.8367,-79.9342,64.99,82,0,1.01
246,Srednekolymsk,RU,2021-08-06 00:12:16,67.45,153.6833,48.6,70,100,11.72
247,Conceicao Do Coite,BR,2021-08-06 00:15:15,-11.5639,-39.2828,64.06,95,83,7.16
248,Batagay,RU,2021-08-06 00:15:15,67.6333,134.6333,55.65,45,8,3.06
249,Avera,US,2021-08-06 00:15:16,33.194,-82.5271,85.66,52,46,6.04
250,Tau,NO,2021-08-06 00:15:16,59.0667,5.9,61.52,86,56,10.42
251,Domoni,KM,2021-08-06 00:15:16,-12.2569,44.5319,72.84,77,3,3.36
252,Awjilah,LY,2021-08-06 00:15:17,29.1081,21.2869,87.85,28,0,9.06
253,Antalaha,MG,2021-08-06 00:15:17,-14.9003,50.2788,67.71,82,91,9.48
254,Bilma,NE,2021-08-06 00:15:17,18.6853,12.9164,94.78,19,17,6.4
255,Soria,ES,2021-08-06 00:15:18,41.6667,-2.6667,68.02,55,3,5.7
256,Mutare,ZW,2021-08-06 00:15:18,-18.9707,32.6709,51.91,71,0,1.99
257,Truth Or Consequences,US,2021-08-06 00:15:18,33.1284,-107.2528,94.91,24,1,4.61
258,Nauta,PE,2021-08-06 00:15:19,-4.5061,-73.5757,79.72,54,39,1.01
259,Novobirilyussy,RU,2021-08-06 00:11:08,56.9514,90.6661,58.71,91,7,1.28
260,Saint-Francois,FR,2021-08-06 00:15:19,46.4154,3.9054,63.84,84,0,4.61
261,Bingerville,CI,2021-08-06 00:15:20,5.3584,-3.8869,76.14,94,20,5.75
262,Fortuna,US,2021-08-06 00:15:20,40.5982,-124.1573,79.2,67,1,5.99
263,Severobaykalsk,RU,2021-08-06 00:15:20,55.65,109.3167,51.6,98,96,3.11
264,Nara,JP,2021-08-06 00:15:20,34.6851,135.8049,86.92,62,71,9.4
265,Mandalgovi,MN,2021-08-06 00:15:21,45.7625,106.2708,67.8,41,37,7.99
266,San Quintin,MX,2021-08-06 00:15:21,30.4833,-115.95,72.36,73,3,12.95
267,Bethel,US,2021-08-06 00:15:21,41.3712,-73.414,75.02,83,1,8.05
268,Marfino,RU,2021-08-06 00:15:22,55.7028,37.3822,62.1,92,0,2.24
269,Extremoz,BR,2021-08-06 00:15:22,-5.7056,-35.3072,75.65,83,40,6.91
270,Mwense,ZM,2021-08-06 00:15:22,-10.3845,28.698,61.05,42,0,4.74
271,Hobyo,SO,2021-08-06 00:15:22,5.3505,48.5268,75.81,84,85,25.55
272,Nhulunbuy,AU,2021-08-06 00:15:23,-12.2333,136.7667,77.61,53,0,16.11
273,Miri,MY,2021-08-06 00:14:41,4.4148,114.0089,79.88,79,75,3.98
274,Richards Bay,ZA,2021-08-06 00:15:23,-28.783,32.0377,60.58,92,0,6.87
275,Ust-Shonosha,RU,2021-08-06 00:15:23,61.1531,41.343,51.08,73,82,3.15
276,Tecoanapa,MX,2021-08-06 00:15:24,16.5167,-98.75,80.65,83,94,6.15
277,Portland,US,2021-08-06 00:15:24,45.5234,-122.6762,88.2,46,1,1.01
278,Jalu,LY,2021-08-06 00:15:24,29.0331,21.5482,88.68,26,0,9.48
279,Pahrump,US,2021-08-06 00:15:24,36.2083,-115.9839,109.11,9,0,8.99
280,Minot,US,2021-08-06 00:11:42,48.2325,-101.2963,82.62,43,20,1.99
281,Pasighat,IN,2021-08-06 00:15:25,28.0667,95.3333,78.51,89,28,2.91
282,Aksu,CN,2021-08-06 00:15:25,41.1231,80.2644,77.99,32,83,8.19
283,Luderitz,NA,2021-08-06 00:15:25,-26.6481,15.1594,56.64,66,11,1.25
284,Santa Ana,US,2021-08-06 00:15:26,33.7456,-117.8678,105.08,55,20,3.0
285,Teguise,ES,2021-08-06 00:15:26,29.0605,-13.564,68.22,88,75,14.97
286,Kaeo,NZ,2021-08-06 00:15:26,-35.1,173.7833,56.91,89,66,13.76
287,Yatou,CN,2021-08-06 00:15:27,37.15,122.3833,74.82,87,100,7.31
288,Clyde River,CA,2021-08-06 00:15:27,70.4692,-68.5914,39.43,100,90,12.66
289,Pacific Grove,US,2021-08-06 00:12:24,36.6177,-121.9166,87.62,78,75,1.01
290,Nurota,UZ,2021-08-06 00:15:27,40.5614,65.6886,77.09,20,0,8.3
291,Taga,RO,2021-08-06 00:15:27,46.95,24.05,60.89,94,75,3.8
292,Vuktyl,RU,2021-08-06 00:15:28,63.8567,57.3094,51.48,87,100,7.85
293,Mitchell,US,2021-08-06 00:15:28,43.7094,-98.0298,89.58,51,1,0.0
294,Laguna,US,2021-08-06 00:15:28,38.421,-121.4238,98.2,36,1,5.01
295,Atocha,BO,2021-08-06 00:15:28,-20.9333,-66.2333,41.92,17,0,10.02
296,Badin,PK,2021-08-06 00:11:04,24.656,68.8384,81.39,71,79,13.22
297,Natal,BR,2021-08-06 00:15:29,-5.795,-35.2094,75.85,88,75,10.36
298,Zhetysay,KZ,2021-08-06 00:15:29,40.7333,68.3,73.11,23,76,8.32
299,Jaguey Grande,CU,2021-08-06 00:15:29,22.5269,-81.1286,77.65,84,96,4.29
300,Vestmannaeyjar,IS,2021-08-06 00:15:30,63.4427,-20.2734,54.9,83,25,0.43
301,Faanui,PF,2021-08-06 00:15:30,-16.4833,-151.75,79.14,70,48,8.01
302,Aland,IN,2021-08-06 00:15:30,17.5667,76.5667,73.56,86,64,13.85
303,Smithers,CA,2021-08-06 00:15:08,54.7804,-127.1743,71.92,53,75,5.75
304,Murgab,TM,2021-08-06 00:15:31,37.4966,61.9714,75.07,50,0,0.0
305,Kaduy,RU,2021-08-06 00:15:31,59.2,37.15,53.76,96,100,8.66
306,Tank,PK,2021-08-06 00:15:31,32.2217,70.3793,93.83,48,59,2.28
307,Plettenberg Bay,ZA,2021-08-06 00:15:31,-34.0527,23.3716,57.85,87,93,4.97
308,Port-Gentil,GA,2021-08-06 00:14:14,-0.7193,8.7815,77.4,80,78,11.3
309,Zdvinsk,RU,2021-08-06 00:15:32,54.7021,78.661,56.57,94,25,7.07
310,Canutama,BR,2021-08-06 00:15:32,-6.5339,-64.3831,80.13,40,96,0.92
311,Amapa,BR,2021-08-06 00:15:32,1.0,-52.0,74.12,91,100,1.59
312,Gravdal,NO,2021-08-06 00:15:33,68.1214,13.5031,53.06,91,100,8.23
313,Denpasar,ID,2021-08-06 00:11:03,-8.65,115.2167,78.46,94,20,4.61
314,Ranong,TH,2021-08-06 00:15:33,9.9658,98.6348,79.41,88,100,11.77
315,Panguna,PG,2021-08-06 00:15:33,-6.3164,155.4848,77.0,77,94,2.19
316,Neiafu,TO,2021-08-06 00:15:33,-18.65,-173.9833,79.48,69,20,5.75
317,Kudat,MY,2021-08-06 00:15:34,6.8837,116.8477,84.13,74,20,4.61
318,Fort Nelson,CA,2021-08-06 00:15:34,58.8053,-122.7002,65.79,82,90,4.61
319,Bereda,ES,2021-08-06 00:15:34,43.2686,-7.5406,60.58,89,49,1.72
320,Preston,GB,2021-08-06 00:15:04,53.7667,-2.7167,62.15,16,97,8.99
321,Guerrero Negro,MX,2021-08-06 00:15:35,27.9769,-114.0611,77.74,64,14,14.32
322,Mengcheng,CN,2021-08-06 00:15:35,33.2579,116.5655,81.59,84,35,5.39
323,Lasa,IT,2021-08-06 00:15:36,46.6166,10.7002,56.28,85,58,3.33
324,Sao Joao Da Barra,BR,2021-08-06 00:15:36,-21.6403,-41.0511,68.47,81,84,11.27
325,Sebinkarahisar,TR,2021-08-06 00:15:36,40.2883,38.4236,60.94,77,22,0.58
326,Belaya Gora,RU,2021-08-06 00:15:36,68.5333,146.4167,46.27,73,100,3.47
327,Merritt,CA,2021-08-06 00:15:37,50.1123,-120.7942,89.46,19,54,12.44
328,Bowen,AU,2021-08-06 00:15:37,-20.0167,148.2333,65.77,39,41,12.03
329,Fukue,JP,2021-08-06 00:15:37,32.6881,128.8419,86.36,84,40,5.75
330,Requena,ES,2021-08-06 00:15:37,39.4883,-1.1004,70.0,24,20,4.83
331,Oranjestad,AW,2021-08-06 00:15:38,12.524,-70.027,82.35,74,20,23.02
332,Saint George,US,2021-08-06 00:12:47,37.1041,-113.5841,109.87,10,1,1.01
333,Bayangol,RU,2021-08-06 00:12:15,50.6977,103.4656,56.57,92,97,0.47
334,Khasan,RU,2021-08-06 00:15:38,42.4308,130.6434,75.76,83,94,5.5
335,Mazamari,PE,2021-08-06 00:15:38,-11.3258,-74.5308,71.96,58,9,1.43
336,Cidreira,BR,2021-08-06 00:15:39,-30.1811,-50.2056,61.3,89,99,18.37
337,Rantepao,ID,2021-08-06 00:15:39,-2.9701,119.8978,71.42,87,90,1.1
338,Creel,MX,2021-08-06 00:15:39,27.75,-107.6333,66.07,57,70,13.67
339,Tagusao,PH,2021-08-06 00:15:39,9.1924,117.8141,83.7,73,61,7.92
340,Marolambo,MG,2021-08-06 00:15:40,-20.05,48.1167,55.92,96,73,2.86
341,Constantine,DZ,2021-08-06 00:15:40,36.365,6.6147,76.41,50,0,4.61
342,Pandan,PH,2021-08-06 00:15:40,14.0453,124.1694,86.52,66,36,12.95
343,Shenjiamen,CN,2021-08-06 00:15:41,29.9576,122.298,81.21,84,14,7.76
344,Tura,IN,2021-08-06 00:15:41,25.5198,90.2201,75.58,95,99,3.53
345,Gilbues,BR,2021-08-06 00:15:41,-9.8317,-45.3439,71.71,38,36,5.12
346,Magadan,RU,2021-08-06 00:15:41,59.5667,150.8,55.26,65,93,7.38
347,Lahat,ID,2021-08-06 00:15:42,-3.8,103.5333,72.91,87,90,2.01
348,Ndele,CF,2021-08-06 00:15:42,8.4109,20.6473,71.04,95,30,1.03
349,Bathsheba,BB,2021-08-06 00:15:42,13.2167,-59.5167,81.21,78,75,10.36
350,Ossora,RU,2021-08-06 00:15:43,59.2353,163.0719,52.09,84,100,18.41
351,Jaguaribe,BR,2021-08-06 00:15:01,-5.8906,-38.6219,82.67,46,96,8.86
352,Chiang Rai,TH,2021-08-06 00:15:43,19.9167,99.9167,76.98,100,75,1.14
353,Bukama,CD,2021-08-06 00:15:43,-9.2,25.85,69.21,34,0,2.59
354,Shimoda,JP,2021-08-06 00:15:43,34.6667,138.95,84.56,75,36,12.35
355,Borogontsy,RU,2021-08-06 00:15:44,62.6683,131.1683,68.83,31,0,8.99
356,Buin,CL,2021-08-06 00:15:44,-33.7333,-70.75,59.05,69,69,1.97
357,Araouane,ML,2021-08-06 00:15:44,18.9048,-3.5265,89.29,36,81,14.18
358,Aleksandrovsk-Sakhalinskiy,RU,2021-08-06 00:15:44,50.8975,142.1561,56.43,95,100,5.3
359,Kemijarvi,FI,2021-08-06 00:15:45,66.7131,27.4306,49.44,91,91,5.5
360,Luwuk,ID,2021-08-06 00:15:45,-0.9516,122.7875,79.86,83,92,6.87
361,Huilong,CN,2021-08-06 00:15:45,31.8111,121.655,88.03,81,17,10.33
362,Balakhta,RU,2021-08-06 00:11:08,55.38,91.6,59.59,84,100,1.9
363,Malvern,US,2021-08-06 00:14:36,34.3623,-92.813,85.82,62,98,1.23
364,Saint-Georges,GD,2021-08-06 00:15:46,12.0564,-61.7485,80.28,83,20,8.05
365,Fairbanks,US,2021-08-06 00:15:02,64.8378,-147.7164,81.61,45,1,4.61
366,Atmakur,IN,2021-08-06 00:15:46,15.8833,78.5833,75.54,84,90,10.8
367,Ridgecrest,US,2021-08-06 00:12:35,35.6225,-117.6709,107.46,8,20,10.0
368,Andenes,NO,2021-08-06 00:15:46,69.3143,16.1194,53.58,94,90,9.22
369,Farcasa,RO,2021-08-06 00:15:47,47.5833,23.3333,66.42,85,75,5.75
370,Nizhniy Kuranakh,RU,2021-08-06 00:12:13,58.8353,125.4869,66.09,72,100,7.18
371,Nizhniy Tsasuchey,RU,2021-08-06 00:15:47,50.5167,115.1333,69.39,54,38,8.88
372,Camana,PE,2021-08-06 00:15:47,-16.6228,-72.7111,63.1,82,4,6.8
373,Joensuu,FI,2021-08-06 00:14:55,62.6012,29.7632,48.69,100,0,2.3
374,Verkhoyansk,RU,2021-08-06 00:15:48,67.5447,133.385,53.55,52,20,4.79
375,Zhigansk,RU,2021-08-06 00:15:48,66.7697,123.3711,56.91,47,17,10.36
376,Ambilobe,MG,2021-08-06 00:15:48,-13.2,49.05,70.77,68,77,1.95
377,Gisborne,NZ,2021-08-06 00:15:48,-38.6533,178.0042,59.95,64,93,8.88
378,Krasnoselkup,RU,2021-08-06 00:15:49,65.7,82.4667,64.36,74,19,8.77
379,Uyutne,UA,2021-08-06 00:15:49,45.1994,33.3014,76.82,79,1,6.02
380,Abilene,US,2021-08-06 00:15:41,32.4487,-99.7331,90.09,44,1,0.0
381,Bonfim,BR,2021-08-06 00:15:49,3.0833,-59.95,77.27,80,72,5.19
382,Klaksvik,FO,2021-08-06 00:15:49,62.2266,-6.589,54.52,93,100,6.11
383,Chumikan,RU,2021-08-06 00:15:50,54.7183,135.315,52.68,98,100,20.51
384,Matiri,TZ,2021-08-06 00:15:50,-10.75,34.9,54.79,78,3,2.71
385,Lensk,RU,2021-08-06 00:15:50,60.7253,114.9278,64.33,76,100,2.21
386,Male,MV,2021-08-06 00:15:51,4.1748,73.5089,81.18,78,100,9.71
387,Khandbari,NP,2021-08-06 00:15:51,27.3747,87.2039,73.26,79,100,2.51
388,Saint-Pierre,RE,2021-08-06 00:15:51,-21.3393,55.4781,65.84,64,0,6.91
389,Looc,PH,2021-08-06 00:15:51,12.2605,121.9926,83.16,79,88,17.38
390,Aljezur,PT,2021-08-06 00:15:52,37.3191,-8.8033,65.17,96,21,11.45
391,Sadovoye,RU,2021-08-06 00:15:52,47.7764,44.5089,74.39,36,69,8.43
392,Inongo,CD,2021-08-06 00:15:52,-1.95,18.2667,72.93,47,36,5.73
393,Goderich,CA,2021-08-06 00:15:08,43.7501,-81.7165,77.92,53,38,4.61
394,Beloha,MG,2021-08-06 00:15:53,-25.1667,45.05,63.14,63,0,5.41
395,North Guwahati,IN,2021-08-06 00:15:53,26.2014,91.7236,80.55,89,40,0.0
396,Kalakamati,BW,2021-08-06 00:15:53,-20.5929,27.3121,53.42,47,2,7.52
397,Kimbe,PG,2021-08-06 00:15:53,-5.5502,150.1429,83.3,71,80,11.16
398,Longhua,CN,2021-08-06 00:15:54,23.6137,114.1919,79.02,96,100,2.37
399,Hokitika,NZ,2021-08-06 00:15:54,-42.7167,170.9667,52.5,76,98,3.13
400,Khuzhir,RU,2021-08-06 00:15:54,53.1939,107.3397,57.06,82,56,3.44
401,Siocon,PH,2021-08-06 00:15:55,7.7061,122.1353,82.8,79,73,4.29
402,Salalah,OM,2021-08-06 00:14:13,17.0151,54.0924,77.09,100,90,6.91
403,Ucluelet,CA,2021-08-06 00:15:09,48.9329,-125.5528,81.09,84,100,1.99
404,Mehamn,NO,2021-08-06 00:15:55,71.0357,27.8492,50.54,88,90,2.57
405,Kapit,MY,2021-08-06 00:15:55,2.0167,112.9333,77.67,83,92,1.21
406,Maceio,BR,2021-08-06 00:14:15,-9.6658,-35.7353,72.84,88,75,3.44
407,Bac Lieu,VN,2021-08-06 00:15:56,9.285,105.7244,81.01,81,99,9.98
408,Miles City,US,2021-08-06 00:15:56,46.4083,-105.8406,93.51,22,1,14.97
409,Middelburg,ZA,2021-08-06 00:11:43,-25.7751,29.4648,50.83,36,0,1.3
410,Teknaf,BD,2021-08-06 00:15:56,20.8624,92.3058,78.71,89,100,3.71
411,Majene,ID,2021-08-06 00:15:56,-3.5403,118.9707,77.2,87,100,9.84
412,Atar,MR,2021-08-06 00:15:57,20.5169,-13.0499,95.95,15,4,9.37
413,Axim,GH,2021-08-06 00:15:57,4.8699,-2.2405,75.78,86,71,7.4
414,Methoni,GR,2021-08-06 00:15:57,36.8197,21.7049,87.22,63,0,8.12
415,Isiro,CD,2021-08-06 00:15:58,2.7739,27.616,66.2,98,51,1.1
416,Antsohihy,MG,2021-08-06 00:15:58,-14.8796,47.9875,66.67,70,10,8.19
417,Verkhnyaya Inta,RU,2021-08-06 00:15:58,65.9811,60.3094,53.87,96,100,12.64
418,Asfi,MA,2021-08-06 00:15:58,32.2994,-9.2372,69.24,83,0,11.52
419,Manzil Bu Zalafah,TN,2021-08-06 00:15:59,36.6831,10.5843,76.48,62,47,2.42
420,Dembi Dolo,ET,2021-08-06 00:15:59,8.5333,34.8,55.35,93,97,4.07
421,Poum,NC,2021-08-06 00:15:59,-20.2333,164.0167,69.19,62,87,21.25
422,Nedjo,ET,2021-08-06 00:15:59,9.5046,35.5019,54.45,91,99,0.65
423,Tuktoyaktuk,CA,2021-08-06 00:16:00,69.4541,-133.0374,51.8,87,90,20.71
424,San Andres,CO,2021-08-06 00:16:00,12.5847,-81.7006,84.22,79,20,10.36
425,Sorong,ID,2021-08-06 00:12:43,-0.8833,131.25,80.11,79,95,11.36
426,Elko,US,2021-08-06 00:15:08,41.0002,-115.5012,93.74,10,82,15.01
427,Rawson,AR,2021-08-06 00:16:01,-43.3002,-65.1023,61.34,37,93,8.79
428,Talnakh,RU,2021-08-06 00:16:01,69.4865,88.3972,70.57,60,88,1.52
429,Kutum,SD,2021-08-06 00:16:01,14.2,24.6667,75.65,63,53,15.39
430,Montrose,US,2021-08-06 00:16:01,38.4166,-108.2673,83.61,16,0,7.63
431,Aripuana,BR,2021-08-06 00:13:48,-9.1667,-60.6333,78.73,36,52,2.15
432,Beroroha,MG,2021-08-06 00:16:02,-21.6667,45.1667,60.82,74,0,4.79
433,Vila Franca Do Campo,PT,2021-08-06 00:16:02,37.7167,-25.4333,72.01,91,6,6.26
434,Salinopolis,BR,2021-08-06 00:16:02,-0.6136,-47.3561,78.67,84,22,12.68
435,Singkang,MY,2021-08-06 00:16:03,2.1006,102.7994,76.89,94,98,1.63
436,Itarema,BR,2021-08-06 00:16:03,-2.9248,-39.9167,79.3,78,38,15.23
437,Phan Thiet,VN,2021-08-06 00:12:54,10.9333,108.1,80.02,81,100,11.21
438,Zalantun,CN,2021-08-06 00:16:03,48.0,122.7167,68.47,77,56,7.96
439,Havelock,US,2021-08-06 00:16:04,34.8791,-76.9013,79.05,92,87,3.0
440,Morropon,PE,2021-08-06 00:16:04,-5.1822,-79.9689,75.85,58,0,6.55
441,Tadine,NC,2021-08-06 00:16:04,-21.55,167.8833,70.68,55,95,18.1
442,San Patricio,US,2021-08-06 00:16:04,28.017,-97.5169,84.07,64,100,10.87
443,Okhotsk,RU,2021-08-06 00:16:05,59.3833,143.3,62.8,60,1,8.05
444,Pirapozinho,BR,2021-08-06 00:16:05,-22.2753,-51.5,69.28,43,0,8.05
445,Gat,IL,2021-08-06 00:16:05,31.61,34.7642,83.39,30,0,3.89
446,Cockburn Town,TC,2021-08-06 00:16:06,21.4612,-71.1419,82.9,82,35,19.22
447,Taoudenni,ML,2021-08-06 00:16:06,22.6783,-3.9836,102.79,19,10,15.5
448,Katangli,RU,2021-08-06 00:16:06,51.7102,143.2326,54.16,96,100,12.41
449,Nanakuli,US,2021-08-06 00:16:06,21.3906,-158.1547,85.95,59,90,9.22
450,Sibolga,ID,2021-08-06 00:16:07,1.7427,98.7792,76.48,80,97,3.04
451,Registro,BR,2021-08-06 00:12:02,-24.4875,-47.8436,58.44,97,100,1.79
452,Caravelas,BR,2021-08-06 00:16:07,-17.7125,-39.2481,70.72,71,100,10.38
453,Ilo,PE,2021-08-06 00:16:07,-17.6394,-71.3375,61.32,82,1,5.06
454,Katsuura,JP,2021-08-06 00:16:08,35.1333,140.3,86.18,75,63,9.78
455,Husavik,IS,2021-08-06 00:16:08,66.0449,-17.3389,53.51,90,74,3.94
456,Lata,PT,2021-08-06 00:16:08,40.1629,-8.3327,65.91,99,17,2.89
457,Cuamba,MZ,2021-08-06 00:16:08,-14.8031,36.5372,64.02,55,35,3.29
458,Taltal,CL,2021-08-06 00:16:09,-25.4,-70.4833,60.64,63,12,5.14
459,Sinazongwe,ZM,2021-08-06 00:16:09,-17.2614,27.4618,62.26,34,0,3.53
460,Mabaruma,GY,2021-08-06 00:16:09,8.2,-59.7833,76.15,86,7,4.21
461,Ust-Ilimsk,RU,2021-08-06 00:16:10,58.0006,102.6619,60.57,81,31,3.98
462,Hermiston,US,2021-08-06 00:16:10,45.8404,-119.2895,91.22,32,1,12.66
463,Mogadishu,SO,2021-08-06 00:13:49,2.0371,45.3438,76.1,82,100,16.31
464,Labytnangi,RU,2021-08-06 00:16:10,66.6572,66.4183,61.79,80,90,6.29
465,Boulder City,US,2021-08-06 00:16:10,35.9786,-114.8325,110.05,7,1,19.57
466,Honiara,SB,2021-08-06 00:16:11,-9.4333,159.95,84.0,59,28,3.24
467,Bar Harbor,US,2021-08-06 00:16:11,44.3876,-68.2039,67.26,92,90,15.01
468,Giyon,ET,2021-08-06 00:16:11,8.5333,37.9833,56.46,89,95,2.04
469,Calamar,CO,2021-08-06 00:16:11,10.2511,-74.9146,84.15,70,69,6.55
470,Arkhangelskoye,RU,2021-08-06 00:16:12,55.8549,35.3287,55.04,97,74,5.37
471,Tarut,SA,2021-08-06 00:16:12,26.5733,50.0369,93.18,36,0,6.96
472,Nishihara,JP,2021-08-06 00:16:12,26.1842,127.7558,83.86,92,75,4.61
473,Viseu,PT,2021-08-06 00:12:53,40.661,-7.9097,60.87,98,4,1.92
474,Myitkyina,MM,2021-08-06 00:16:13,25.3833,97.4,76.37,99,93,0.67
475,Alofi,NU,2021-08-06 00:16:13,-19.0595,-169.9187,76.89,73,40,4.61
476,Phalaborwa,ZA,2021-08-06 00:16:13,-23.943,31.1411,58.28,44,0,2.42
477,Birao,CF,2021-08-06 00:16:13,10.2849,22.7882,75.69,83,72,2.21
478,Raub,MY,2021-08-06 00:16:14,3.7899,101.857,75.83,90,89,1.07
479,Poland,US,2021-08-06 00:16:14,44.0606,-70.3937,67.98,97,90,0.0
480,Severnyy,RU,2021-08-06 00:16:14,50.677,36.5532,69.84,56,0,4.47
481,Chifeng,CN,2021-08-06 00:16:14,42.2683,118.9636,70.52,64,43,4.09
482,Beyneu,KZ,2021-08-06 00:16:15,45.3167,55.2,89.98,21,98,3.06
483,Kuminskiy,RU,2021-08-06 00:16:15,58.6667,66.5667,61.52,99,89,3.67
484,Paamiut,GL,2021-08-06 00:16:15,61.994,-49.6678,45.36,93,100,24.87
485,Orbetello,IT,2021-08-06 00:16:16,42.4408,11.2196,71.8,68,80,8.05
486,Hofn,IS,2021-08-06 00:16:16,64.2539,-15.2082,52.45,90,84,5.91
487,Varkaus,FI,2021-08-06 00:16:16,62.3153,27.873,49.3,70,99,3.13
488,Atakpame,TG,2021-08-06 00:16:16,7.5333,1.1333,69.26,95,93,3.67
489,Chokurdakh,RU,2021-08-06 00:16:17,70.6333,147.9167,41.25,77,100,8.95
490,Guaruja,BR,2021-08-06 00:11:28,-23.9931,-46.2564,70.16,26,95,1.01
491,Kysyl-Syr,RU,2021-08-06 00:16:17,63.8986,122.7617,66.61,35,0,8.23
492,Chirpar,RO,2021-08-06 00:16:17,45.9,24.6,60.85,88,87,3.96
493,Las Vegas,US,2021-08-06 00:15:30,36.175,-115.1372,111.88,9,1,19.57
494,Comodoro Rivadavia,AR,2021-08-06 00:12:53,-45.8667,-67.5,58.86,25,0,17.27
495,Abong Mbang,CM,2021-08-06 00:16:18,3.9833,13.1833,66.69,99,82,3.71
496,Lufilufi,WS,2021-08-06 00:16:18,-13.8745,-171.5986,89.38,84,83,16.02
497,Kavaratti,IN,2021-08-06 00:16:18,10.5669,72.642,82.18,81,100,21.83
498,Pathein,MM,2021-08-06 00:16:19,16.7833,94.7333,77.83,94,100,5.73
499,Halifax,CA,2021-08-06 00:11:49,44.6453,-63.5724,74.41,94,38,1.99
500,Rio Grande,BR,2021-08-06 00:16:19,-32.035,-52.0986,58.95,95,85,13.42
501,Sinyavskoye,RU,2021-08-06 00:16:19,47.277,39.2789,81.75,48,57,7.09
502,Basco,PH,2021-08-06 00:16:20,20.4487,121.9702,83.53,85,100,33.42
503,Kiruna,SE,2021-08-06 00:16:20,67.8557,20.2251,47.32,81,20,6.91
504,Biltine,TD,2021-08-06 00:16:20,14.5333,20.9167,84.79,55,99,6.22
505,Ponte De Sor,PT,2021-08-06 00:16:20,39.2496,-8.0101,67.59,94,0,10.16
506,Bani,DO,2021-08-06 00:16:21,18.2833,-70.3333,81.86,81,62,9.46
507,Chernyshevskiy,RU,2021-08-06 00:16:21,63.0128,112.4714,64.94,34,32,10.67
508,Mayo,US,2021-08-06 00:16:21,38.8876,-76.5119,82.38,65,1,1.99
509,Ostrovnoy,RU,2021-08-06 00:16:21,68.0531,39.5131,49.19,82,100,3.31
510,Koutsouras,GR,2021-08-06 00:16:22,35.0339,25.9469,87.49,38,0,10.42
511,Novyye Lyady,RU,2021-08-06 00:16:22,58.0536,56.6039,54.64,94,60,7.11
512,Pabrade,LT,2021-08-06 00:16:22,55.0,25.7833,57.63,83,100,9.91
513,Znojmo,CZ,2021-08-06 00:16:23,48.8555,16.0488,59.4,91,44,8.79
514,Kunigal,IN,2021-08-06 00:16:23,13.0222,77.0267,72.91,82,97,14.36
515,Novo Aripuana,BR,2021-08-06 00:16:23,-5.1206,-60.3797,81.14,37,10,0.63
516,Sangmelima,CM,2021-08-06 00:16:23,2.9333,11.9833,67.19,99,93,4.07
517,Marsa Matruh,EG,2021-08-06 00:16:24,31.3525,27.2453,81.01,81,0,14.23
518,Winslow,US,2021-08-06 00:16:24,35.0242,-110.6974,100.58,9,1,1.01
519,Ilebo,CD,2021-08-06 00:16:24,-4.3167,20.5833,72.9,35,0,1.9
520,Placido De Castro,BR,2021-08-06 00:16:24,-10.3353,-67.1856,77.74,38,1,1.36
521,Bilibino,RU,2021-08-06 00:16:25,68.0546,166.4372,64.63,51,19,2.91
522,Nyurba,RU,2021-08-06 00:16:25,63.2842,118.3319,65.39,37,6,10.31
523,Vila Velha,BR,2021-08-06 00:16:25,-20.3297,-40.2925,64.35,94,20,2.3
524,Bubaque,GW,2021-08-06 00:16:25,11.2833,-15.8333,79.65,81,100,19.22
525,Ahipara,NZ,2021-08-06 00:16:26,-35.1667,173.1667,57.56,84,55,16.73
526,Linjiang,CN,2021-08-06 00:16:26,41.8069,126.9078,68.95,97,100,2.82
527,Bure,ET,2021-08-06 00:16:26,10.7,37.0667,54.07,88,91,3.47
528,Berlevag,NO,2021-08-06 00:16:26,70.8578,29.0864,50.47,86,93,2.55
529,Raudeberg,NO,2021-08-06 00:16:27,61.9875,5.1352,57.2,83,60,4.97
530,Sao Jose Da Coroa Grande,BR,2021-08-06 00:16:27,-8.8978,-35.1478,74.1,83,53,13.31
531,Visaginas,LT,2021-08-06 00:16:27,55.6,26.4167,52.2,92,94,7.92
532,Kargasok,RU,2021-08-06 00:16:28,59.0556,80.8572,60.08,93,74,2.39
533,Abonnema,NG,2021-08-06 00:16:28,4.7084,6.7931,75.34,89,97,5.03
534,Samagaltay,RU,2021-08-06 00:16:28,50.6022,95.0047,55.08,92,95,6.85
535,Danville,US,2021-08-06 00:16:28,36.586,-79.395,81.21,56,1,0.0
536,Chizhou,CN,2021-08-06 00:16:29,30.6578,117.4831,80.89,89,28,5.28
537,Sinnamary,GF,2021-08-06 00:16:29,5.3833,-52.95,78.26,84,48,3.98
538,Korla,CN,2021-08-06 00:16:29,41.7597,86.1469,80.31,26,97,10.25
539,Helong,CN,2021-08-06 00:16:30,42.5397,128.9972,72.14,78,100,2.73
540,Harnosand,SE,2021-08-06 00:16:30,62.6323,17.9379,57.22,86,73,6.29
541,Bulawayo,ZW,2021-08-06 00:16:30,-20.15,28.5833,47.86,46,0,5.48
542,Kuryk,KZ,2021-08-06 00:16:30,43.2,51.65,84.16,40,45,8.25
543,Port Hedland,AU,2021-08-06 00:16:31,-20.3167,118.5667,68.05,24,40,17.27
544,Kassala,SD,2021-08-06 00:16:31,15.451,36.4,75.96,67,100,11.63
545,Prieska,ZA,2021-08-06 00:16:31,-29.6641,22.7474,47.01,29,0,2.55
546,Mbumi,TZ,2021-08-06 00:16:31,-7.9058,39.2105,70.95,88,46,2.26
547,Khani,GE,2021-08-06 00:16:32,41.9563,42.9566,65.77,70,70,5.84
548,San Rafael Del Sur,NI,2021-08-06 00:16:32,11.8485,-86.4384,81.57,83,61,3.04
549,Moville,US,2021-08-06 00:16:32,42.4889,-96.0725,85.96,29,65,8.1
550,Yagodnoye,RU,2021-08-06 00:16:33,62.55,149.6667,40.77,92,100,7.31
551,Kataysk,RU,2021-08-06 00:16:33,56.289,62.5841,61.66,94,80,7.0
552,Chapadinha,BR,2021-08-06 00:11:36,-3.7417,-43.3603,74.62,58,11,4.85
553,Unai,BR,2021-08-06 00:16:33,-16.3575,-46.9061,67.93,44,54,2.98
554,Acarau,BR,2021-08-06 00:16:33,-2.8856,-40.12,79.03,79,37,14.5
555,Bozoum,CF,2021-08-06 00:16:34,6.3193,16.3799,67.05,97,69,3.09
556,Zhicheng,CN,2021-08-06 00:16:34,30.2956,111.5047,82.87,79,11,3.67
557,Mutoko,ZW,2021-08-06 00:16:34,-17.397,32.2268,49.46,56,0,3.2
558,Flin Flon,CA,2021-08-06 00:16:34,54.7682,-101.865,76.35,31,64,2.75
559,Yulara,AU,2021-08-06 00:16:35,-25.2406,130.9889,53.44,47,0,13.8
560,Luanda,AO,2021-08-06 00:13:05,-8.8368,13.2343,70.77,87,26,5.23
561,Mocuba,MZ,2021-08-06 00:16:35,-16.8392,36.9856,63.28,97,9,2.19
562,Lock Haven,US,2021-08-06 00:16:07,41.137,-77.4469,77.59,72,61,1.39
563,Dongsheng,CN,2021-08-06 00:16:35,39.8161,109.9776,67.19,36,3,4.54
564,Catuday,PH,2021-08-06 00:16:36,16.2923,119.8062,81.21,84,99,24.47
565,Odweyne,SO,2021-08-06 00:16:36,9.4092,45.064,73.98,50,99,16.82
566,Ialibu,PG,2021-08-06 00:16:36,-6.2821,143.9935,63.23,96,99,2.42
567,Lokosovo,RU,2021-08-06 00:16:37,61.1333,74.8167,58.64,85,18,3.27
568,Dudinka,RU,2021-08-06 00:16:37,69.4058,86.1778,68.65,64,61,3.65
569,Tazovskiy,RU,2021-08-06 00:16:37,67.4667,78.7,60.21,76,6,6.31
570,Waingapu,ID,2021-08-06 00:16:37,-9.6567,120.2641,80.35,72,76,17.13
571,Mpika,ZM,2021-08-06 00:16:38,-11.8343,31.4529,54.1,53,0,4.65
